{
    "Window" : {
        "title" : "Doodle Jump python clone",
        "size" : [600, 800]
    },
    "source_dir" : "src/",
    "source" : {
        "icon" : "Icon.png",
        "BackgroundSound" : "JUMP_MENU.mp3",
        "JumpSound" : "jump.mp3",
        "player_texture" : "lik-left.png",
        "platform_texture" : "platform.png",
        "background_texture" : "bck.png",
        "font" : "ComicSans.ttf"
    },
    "ui" : {
        "font_color" : [150, 150, 150],
        "font_size" : 40
    }
}